<?xml version="1.0" encoding="UTF-8"?>
<metadata xml:lang="en"><Esri><CreaDate>20171021</CreaDate><CreaTime>20551500</CreaTime><ArcGISFormat>1.0</ArcGISFormat><SyncOnce>FALSE</SyncOnce><DataProperties><lineage><Process ToolSource="c:\program files (x86)\arcgis\desktop10.5\ArcToolbox\Toolboxes\Data Management Tools.tbx\DefineProjection" Date="20170830" Time="120309">DefineProjection Line_20170829 GEOGCS['GCS_WGS_1984',DATUM['D_WGS_1984',SPHEROID['WGS_1984',6378137.0,298.257223563]],PRIMEM['Greenwich',0.0],UNIT['Degree',0.0174532925199433]]</Process><Process ToolSource="c:\program files (x86)\arcgis\desktop10.5\ArcToolbox\Toolboxes\Data Management Tools.tbx\Project" Date="20170830" Time="123144">Project Line_20170829 "Database Connections\clus-dag-001.sde\ArcGIS.DBO.SignUp_201709\ArcGIS.DBO.Lines_201709" PROJCS['NAD_1983_StatePlane_Ohio_South_FIPS_3402_Feet',GEOGCS['GCS_North_American_1983',DATUM['D_North_American_1983',SPHEROID['GRS_1980',6378137.0,298.257222101]],PRIMEM['Greenwich',0.0],UNIT['Degree',0.0174532925199433]],PROJECTION['Lambert_Conformal_Conic'],PARAMETER['False_Easting',1968500.0],PARAMETER['False_Northing',0.0],PARAMETER['Central_Meridian',-82.5],PARAMETER['Standard_Parallel_1',38.73333333333333],PARAMETER['Standard_Parallel_2',40.03333333333333],PARAMETER['Latitude_Of_Origin',38.0],UNIT['Foot_US',0.3048006096012192]] # GEOGCS['GCS_WGS_1984',DATUM['D_WGS_1984',SPHEROID['WGS_1984',6378137.0,298.257223563]],PRIMEM['Greenwich',0.0],UNIT['Degree',0.0174532925199433]] NO_PRESERVE_SHAPE # NO_VERTICAL</Process><Process ToolSource="c:\program files (x86)\arcgis\desktop10.1\ArcToolbox\Toolboxes\Data Management Tools.tbx\Project" Date="20171021" Time="205515">Project Lines_201709 C:\Users\Administrator\Desktop\Hackthon_Jialin\Cota_routes_degree.shp GEOGCS['GCS_WGS_1984',DATUM['D_WGS_1984',SPHEROID['WGS_1984',6378137.0,298.257223563]],PRIMEM['Greenwich',0.0],UNIT['Degree',0.0174532925199433],METADATA['World',-180.0,-90.0,180.0,90.0,0.0,0.0174532925199433,0.0,1262]] WGS_1984_(ITRF00)_To_NAD_1983 PROJCS['NAD_1983_StatePlane_Ohio_South_FIPS_3402_Feet',GEOGCS['GCS_North_American_1983',DATUM['D_North_American_1983',SPHEROID['GRS_1980',6378137.0,298.257222101]],PRIMEM['Greenwich',0.0],UNIT['Degree',0.0174532925199433]],PROJECTION['Lambert_Conformal_Conic'],PARAMETER['False_Easting',1968500.0],PARAMETER['False_Northing',0.0],PARAMETER['Central_Meridian',-82.5],PARAMETER['Standard_Parallel_1',38.73333333333333],PARAMETER['Standard_Parallel_2',40.03333333333333],PARAMETER['Latitude_Of_Origin',38.0],UNIT['Foot_US',0.3048006096012192]]</Process></lineage><itemProps><itemLocation><linkage Sync="TRUE">file://\\asrvfp01\Planning\RobertsonKJ\Service Changes\Shapefiles\Lines_201709.shp</linkage><protocol Sync="TRUE">Local Area Network</protocol></itemLocation><itemName Sync="TRUE">Lines_201709</itemName><imsContentType Sync="TRUE">002</imsContentType><itemSize Sync="TRUE">0.000</itemSize></itemProps><coordRef><type Sync="TRUE">Projected</type><geogcsn Sync="TRUE">GCS_North_American_1983</geogcsn><csUnits Sync="TRUE">Linear Unit: Foot_US (0.304801)</csUnits><projcsn Sync="TRUE">NAD_1983_StatePlane_Ohio_South_FIPS_3402_Feet</projcsn><peXml Sync="TRUE">&lt;ProjectedCoordinateSystem xsi:type='typens:ProjectedCoordinateSystem' xmlns:xsi='http://www.w3.org/2001/XMLSchema-instance' xmlns:xs='http://www.w3.org/2001/XMLSchema' xmlns:typens='http://www.esri.com/schemas/ArcGIS/10.5'&gt;&lt;WKT&gt;PROJCS[&amp;quot;NAD_1983_StatePlane_Ohio_South_FIPS_3402_Feet&amp;quot;,GEOGCS[&amp;quot;GCS_North_American_1983&amp;quot;,DATUM[&amp;quot;D_North_American_1983&amp;quot;,SPHEROID[&amp;quot;GRS_1980&amp;quot;,6378137.0,298.257222101]],PRIMEM[&amp;quot;Greenwich&amp;quot;,0.0],UNIT[&amp;quot;Degree&amp;quot;,0.0174532925199433]],PROJECTION[&amp;quot;Lambert_Conformal_Conic&amp;quot;],PARAMETER[&amp;quot;False_Easting&amp;quot;,1968500.0],PARAMETER[&amp;quot;False_Northing&amp;quot;,0.0],PARAMETER[&amp;quot;Central_Meridian&amp;quot;,-82.5],PARAMETER[&amp;quot;Standard_Parallel_1&amp;quot;,38.73333333333333],PARAMETER[&amp;quot;Standard_Parallel_2&amp;quot;,40.03333333333333],PARAMETER[&amp;quot;Latitude_Of_Origin&amp;quot;,38.0],UNIT[&amp;quot;Foot_US&amp;quot;,0.3048006096012192],AUTHORITY[&amp;quot;EPSG&amp;quot;,3735]]&lt;/WKT&gt;&lt;XOrigin&gt;-119670700&lt;/XOrigin&gt;&lt;YOrigin&gt;-95612900&lt;/YOrigin&gt;&lt;XYScale&gt;37024245.698512442&lt;/XYScale&gt;&lt;ZOrigin&gt;-100000&lt;/ZOrigin&gt;&lt;ZScale&gt;10000&lt;/ZScale&gt;&lt;MOrigin&gt;-100000&lt;/MOrigin&gt;&lt;MScale&gt;10000&lt;/MScale&gt;&lt;XYTolerance&gt;0.0032808333333333331&lt;/XYTolerance&gt;&lt;ZTolerance&gt;0.001&lt;/ZTolerance&gt;&lt;MTolerance&gt;0.001&lt;/MTolerance&gt;&lt;HighPrecision&gt;true&lt;/HighPrecision&gt;&lt;WKID&gt;102723&lt;/WKID&gt;&lt;LatestWKID&gt;3735&lt;/LatestWKID&gt;&lt;/ProjectedCoordinateSystem&gt;</peXml></coordRef></DataProperties><SyncDate>20170901</SyncDate><SyncTime>14435900</SyncTime><ModDate>20170901</ModDate><ModTime>14435900</ModTime></Esri><dataIdInfo><envirDesc Sync="TRUE">Microsoft Windows 7 Version 6.1 (Build 7601) Service Pack 1; Esri ArcGIS 10.5.1.7333</envirDesc><dataLang><languageCode value="eng" Sync="TRUE"></languageCode><countryCode value="USA" Sync="TRUE"></countryCode></dataLang><idCitation><resTitle Sync="TRUE">Lines_201709</resTitle><presForm><PresFormCd value="005" Sync="TRUE"></PresFormCd></presForm></idCitation><spatRpType><SpatRepTypCd value="001" Sync="TRUE"></SpatRepTypCd></spatRpType></dataIdInfo><mdLang><languageCode value="eng" Sync="TRUE"></languageCode><countryCode value="USA" Sync="TRUE"></countryCode></mdLang><distInfo><distFormat><formatName Sync="TRUE">Shapefile</formatName></distFormat><distTranOps><transSize Sync="TRUE">0.000</transSize></distTranOps></distInfo><mdHrLv><ScopeCd value="005" Sync="TRUE"></ScopeCd></mdHrLv><mdHrLvName Sync="TRUE">dataset</mdHrLvName><refSysInfo><RefSystem><refSysID><identCode code="3735" Sync="TRUE"></identCode><idCodeSpace Sync="TRUE">EPSG</idCodeSpace><idVersion Sync="TRUE">6.13(9.3.0.0)</idVersion></refSysID></RefSystem></refSysInfo><spatRepInfo><VectSpatRep><geometObjs Name="Lines_201709"><geoObjTyp><GeoObjTypCd value="002" Sync="TRUE"></GeoObjTypCd></geoObjTyp><geoObjCnt Sync="TRUE">0</geoObjCnt></geometObjs><topLvl><TopoLevCd value="001" Sync="TRUE"></TopoLevCd></topLvl></VectSpatRep></spatRepInfo><spdoinfo><ptvctinf><esriterm Name="Lines_201709"><efeatyp Sync="TRUE">Simple</efeatyp><efeageom code="3" Sync="TRUE"></efeageom><esritopo Sync="TRUE">FALSE</esritopo><efeacnt Sync="TRUE">0</efeacnt><spindex Sync="TRUE">FALSE</spindex><linrefer Sync="TRUE">FALSE</linrefer></esriterm></ptvctinf></spdoinfo><eainfo><detailed Name="Lines_201709"><enttyp><enttypl Sync="TRUE">Lines_201709</enttypl><enttypt Sync="TRUE">Feature Class</enttypt><enttypc Sync="TRUE">0</enttypc></enttyp><attr><attrlabl Sync="TRUE">FID</attrlabl><attalias Sync="TRUE">FID</attalias><attrtype Sync="TRUE">OID</attrtype><attwidth Sync="TRUE">4</attwidth><atprecis Sync="TRUE">0</atprecis><attscale Sync="TRUE">0</attscale><attrdef Sync="TRUE">Internal feature number.</attrdef><attrdefs Sync="TRUE">Esri</attrdefs><attrdomv><udom Sync="TRUE">Sequential unique whole numbers that are automatically generated.</udom></attrdomv></attr><attr><attrlabl Sync="TRUE">Shape</attrlabl><attalias Sync="TRUE">Shape</attalias><attrtype Sync="TRUE">Geometry</attrtype><attwidth Sync="TRUE">0</attwidth><atprecis Sync="TRUE">0</atprecis><attscale Sync="TRUE">0</attscale><attrdef Sync="TRUE">Feature geometry.</attrdef><attrdefs Sync="TRUE">Esri</attrdefs><attrdomv><udom Sync="TRUE">Coordinates defining the features.</udom></attrdomv></attr><attr><attrlabl Sync="TRUE">LineAbbr</attrlabl><attalias Sync="TRUE">LineAbbr</attalias><attrtype Sync="TRUE">String</attrtype><attwidth Sync="TRUE">7</attwidth><atprecis Sync="TRUE">0</atprecis><attscale Sync="TRUE">0</attscale></attr><attr><attrlabl Sync="TRUE">LineName</attrlabl><attalias Sync="TRUE">LineName</attalias><attrtype Sync="TRUE">String</attrtype><attwidth Sync="TRUE">35</attwidth><atprecis Sync="TRUE">0</atprecis><attscale Sync="TRUE">0</attscale></attr><attr><attrlabl Sync="TRUE">tpField01</attrlabl><attalias Sync="TRUE">tpField01</attalias><attrtype Sync="TRUE">String</attrtype><attwidth Sync="TRUE">30</attwidth><atprecis Sync="TRUE">0</atprecis><attscale Sync="TRUE">0</attscale></attr><attr><attrlabl Sync="TRUE">Shape_STLe</attrlabl><attalias Sync="TRUE">Shape_STLe</attalias><attrtype Sync="TRUE">Double</attrtype><attwidth Sync="TRUE">19</attwidth><atprecis Sync="TRUE">0</atprecis><attscale Sync="TRUE">0</attscale></attr></detailed></eainfo><mdDateSt Sync="TRUE">20170901</mdDateSt></metadata>
